,links,SIS
0,https://www.isams.com/,iSAMS
1,https://www.isams.com/the-platform/,iSAMS
2,https://www.isams.com/why-isams/,iSAMS
3,https://www.isams.com/support/,iSAMS
4,https://www.isams.com/news-events/,iSAMS
5,https://www.isams.com/about-us/,iSAMS
6,https://www.isams.com/why-isams/clients/,iSAMS
7,https://www.isams.com/about-us/contact-us/,iSAMS
8,https://www.isams.com/why-isams/about-isams/,iSAMS
9,https://www.isams.com/why-isams/about-isams/browser-interface/,iSAMS
10,https://www.isams.com/why-isams/about-isams/handheld-mobile-access/,iSAMS
11,https://www.isams.com/why-isams/about-isams/isams-browser-policy/,iSAMS
12,https://www.isams.com/why-isams/case-studies/,iSAMS
13,https://www.isams.com/why-isams/case-studies/lincoln-utc/,iSAMS
14,https://www.isams.com/why-isams/case-studies/new-english-school-kuwait/,iSAMS
15,https://www.isams.com/why-isams/case-studies/sevenoaks/,iSAMS
16,https://www.isams.com/why-isams/case-studies/tudor-hall/,iSAMS
17,https://www.isams.com/why-isams/clients/,iSAMS
18,https://www.isams.com/why-isams/clients/2017-launches/,iSAMS
19,https://www.isams.com/why-isams/clients/2016-launches/,iSAMS
20,https://www.isams.com/why-isams/clients/2015-launches/,iSAMS
21,https://www.isams.com/why-isams/clients/2014-launches/,iSAMS
22,https://www.isams.com/why-isams/clients/2013-launches/,iSAMS
23,https://www.isams.com/why-isams/clients/2012-launches/,iSAMS
24,https://www.isams.com/why-isams/clients/2011-launches/,iSAMS
25,https://www.isams.com/why-isams/clients/2010-launches/,iSAMS
26,https://www.isams.com/why-isams/clients/2009-launches/,iSAMS
27,https://www.isams.com/why-isams/clients/2008-launches/,iSAMS
28,https://www.isams.com/why-isams/clients/2007-launches/,iSAMS
29,https://www.isams.com/why-isams/clients/2006-launches/,iSAMS
30,https://www.isams.com/why-isams/clients/2005-launches/,iSAMS
31,https://www.isams.com/why-isams/testimonials/,iSAMS
32,https://www.isams.com/why-isams/testimonials/uk-schools/,iSAMS
33,https://www.isams.com/why-isams/testimonials/international-schools/,iSAMS
34,https://www.isams.com/why-isams/migration/,iSAMS
35,https://www.isams.com/why-isams/migration/commercial-system/,iSAMS
36,https://www.isams.com/why-isams/migration/new-schools/,iSAMS
37,https://www.isams.com/why-isams/migration/in-house-system/,iSAMS
38,https://www.isams.com/why-isams/implementation/,iSAMS
39,https://www.isams.com/why-isams/implementation/installation/,iSAMS
40,https://www.isams.com/why-isams/implementation/data-transfer/,iSAMS
41,https://www.isams.com/why-isams/implementation/training/,iSAMS
42,https://www.isams.com/why-isams/implementation/report-creation/,iSAMS
43,https://www.isams.com/why-isams/integrations-plugins/,iSAMS
44,https://www.isams.com/why-isams/faqs/,iSAMS
45,https://www.isams.com/why-isams/clients/#3-to-18,iSAMS
46,https://www.isams.com/why-isams/clients/#Nursery,iSAMS
47,https://www.isams.com/why-isams/clients/#Primary,iSAMS
48,https://www.isams.com/why-isams/clients/#Secondary,iSAMS
49,https://www.isams.com/why-isams/clients/#Boys,iSAMS
50,https://www.isams.com/why-isams/clients/#Girls,iSAMS
51,https://www.isams.com/why-isams/clients/#Co-ed,iSAMS
52,https://www.isams.com/why-isams/clients/#Boarding,iSAMS
53,https://www.isams.com/why-isams/clients/#Day,iSAMS
54,https://www.isams.com/why-isams/clients/#Academy,iSAMS
55,https://www.isams.com/why-isams/clients/#College,iSAMS
56,https://www.isams.com/why-isams/clients/#Comprehensive,iSAMS
57,https://www.isams.com/why-isams/clients/#Grammar,iSAMS
58,https://www.isams.com/why-isams/clients/#Independent,iSAMS
59,https://www.isams.com/why-isams/clients/#Special,iSAMS
60,https://www.isams.com/why-isams/clients/#Utc,iSAMS
61,https://www.isams.com/why-isams/clients/#Uk,iSAMS
62,https://www.isams.com/why-isams/clients/#International,iSAMS
63,http://www.abercornschool.com,iSAMS
64,http://www.abercornschool.com,iSAMS
65,http://www.ackworthschool.com,iSAMS
66,http://www.ackworthschool.com,iSAMS
67,http://www.acsinternational.com.sg,iSAMS
68,http://www.acsinternational.com.sg,iSAMS
69,http://www.alshohub.org,iSAMS
70,http://www.alshohub.org,iSAMS
71,http://www.aloha-college.com,iSAMS
72,http://www.aloha-college.com,iSAMS
73,http://www.altonconvent.org.uk,iSAMS
74,http://www.altonconvent.org.uk,iSAMS
75,http://ambassadoreducation.org/,iSAMS
76,http://ambassadoreducation.org/,iSAMS
77,http://www.amnuaysilpa.ac.th,iSAMS
78,http://www.amnuaysilpa.ac.th,iSAMS
79,http://www.college.ampleforth.org.uk,iSAMS
80,http://www.college.ampleforth.org.uk,iSAMS
81,http://www.ardingly.com,iSAMS
82,http://www.ardingly.com,iSAMS
83,http://www.ardingly.com,iSAMS
84,http://www.ardingly.com,iSAMS
85,http://www.arnoldlodge.com,iSAMS
86,http://www.arnoldlodge.com,iSAMS
87,http://www.austinfriars.cumbria.sch.uk,iSAMS
88,http://www.austinfriars.cumbria.sch.uk,iSAMS
89,http://www.ags.bucks.sch.uk,iSAMS
90,http://www.ags.bucks.sch.uk,iSAMS
91,http://www.balearesint.net,iSAMS
92,http://www.balearesint.net,iSAMS
93,http://www.patana.ac.th,iSAMS
94,http://www.patana.ac.th,iSAMS
95,http://www.baobabcollege.org,iSAMS
96,http://www.baobabcollege.org,iSAMS
97,http://www.barlboroughhallschool.co.uk,iSAMS
98,http://www.barlboroughhallschool.co.uk,iSAMS
99,http://www.barneyschool.org.uk,iSAMS
100,http://www.barneyschool.org.uk,iSAMS
101,http://www.barneyschool.org.uk,iSAMS
102,http://www.barneyschool.org.uk,iSAMS
103,http://www.bis-school.com/,iSAMS
104,http://www.bis-school.com/,iSAMS
105,http://www.battleabbeyschool.com,iSAMS
106,http://www.battleabbeyschool.com,iSAMS
107,http://www.stbedesschool.org,iSAMS
108,http://www.stbedesschool.org,iSAMS
109,http://www.bedmod.co.uk,iSAMS
110,http://www.bedmod.co.uk,iSAMS
111,http://www.bedmod.co.uk,iSAMS
112,http://www.bedmod.co.uk,iSAMS
113,http://www.bedfordschool.org.uk,iSAMS
114,http://www.bedfordschool.org.uk,iSAMS
115,http://www.bedfordschool.org.uk,iSAMS
116,http://www.bedfordschool.org.uk,iSAMS
117,http://www.belmontschool.co.uk,iSAMS
118,http://www.belmontschool.co.uk,iSAMS
119,http://www.benenden.kent.sch.uk,iSAMS
120,http://www.benenden.kent.sch.uk,iSAMS
121,http://www.berkhamstedschool.org,iSAMS
122,http://www.berkhamstedschool.org,iSAMS
123,http://www.berkhamstedschool.org,iSAMS
124,http://www.berkhamstedschool.org,iSAMS
125,http://www.bethanyschool.org.uk,iSAMS
126,http://www.bethanyschool.org.uk,iSAMS
127,http://www.biltongrange.co.uk,iSAMS
128,http://www.biltongrange.co.uk,iSAMS
129,http://www.bloxhamschool.com,iSAMS
130,http://www.bloxhamschool.com,iSAMS
131,http://www.boltonschool.org/infants,iSAMS
132,http://www.boltonschool.org/infants,iSAMS
133,http://www.boltonschool.org/junior-girls/,iSAMS
134,http://www.boltonschool.org/junior-girls/,iSAMS
135,http://www.boltonschool.org/nursery,iSAMS
136,http://www.boltonschool.org/nursery,iSAMS
137,http://www.boltonschool.org,iSAMS
138,http://www.boltonschool.org,iSAMS
139,http://www.boltonschool.org/senior-girls,iSAMS
140,http://www.boltonschool.org/senior-girls,iSAMS
141,http://www.bootham.york.sch.uk,iSAMS
142,http://www.bootham.york.sch.uk,iSAMS
143,http://www.boothamschool.com,iSAMS
144,http://www.boothamschool.com,iSAMS
145,http://www.boundaryoak.co.uk/,iSAMS
146,http://www.boundaryoak.co.uk/,iSAMS
147,http://www.boxhillschool.com,iSAMS
148,http://www.boxhillschool.com,iSAMS
149,http://www.bradfieldcollege.org.uk/,iSAMS
150,http://www.bradfieldcollege.org.uk/,iSAMS
151,http://www.arusha.braeburn.com,iSAMS
152,http://www.arusha.braeburn.com,iSAMS
153,http://www.gardenestate.braeburn.com,iSAMS
154,http://www.gardenestate.braeburn.com,iSAMS
155,http://www.mombasa.braeburn.com,iSAMS
156,http://www.mombasa.braeburn.com,iSAMS
157,http://www.braeburnschool.braeburn.com,iSAMS
158,http://www.braeburnschool.braeburn.com,iSAMS
159,http://www.braeside.braeburn.com,iSAMS
160,http://www.braeside.braeburn.com,iSAMS
161,https://www.brightoncollege.org.uk/,iSAMS
162,https://www.brightoncollege.org.uk/,iSAMS
163,http://www.britannicaschool.hu,iSAMS
164,http://www.britannicaschool.hu,iSAMS
165,http://www.britannicashanghai.com,iSAMS
166,http://www.britannicashanghai.com,iSAMS
167,http://www.britishschoolofcharlotte.org,iSAMS
168,http://www.britishschoolofcharlotte.org,iSAMS
169,http://www.bis-kurdistan.co.uk,iSAMS
170,http://www.bis-kurdistan.co.uk,iSAMS
171,http://www.britishschool.sch.ae,iSAMS
172,http://www.britishschool.sch.ae,iSAMS
173,http://www.britishschool.kiev.ua,iSAMS
174,http://www.britishschool.kiev.ua,iSAMS
175,http://www.britishschoolofboston.org,iSAMS
176,http://www.britishschoolofboston.org,iSAMS
177,http://www.britishschool.be,iSAMS
178,http://www.britishschool.be,iSAMS
179,http://www.britishschoolofchicago.org,iSAMS
180,http://www.britishschoolofchicago.org,iSAMS
181,http://www.britishschoolofhouston.org,iSAMS
182,http://www.britishschoolofhouston.org,iSAMS
183,http://www.britishschoolofwashington.org,iSAMS
184,http://www.britishschoolofwashington.org,iSAMS
185,http://www.britishschool.edu.mn,iSAMS
186,http://www.britishschool.edu.mn,iSAMS
187,http://www.bromsgrove-school.co.uk,iSAMS
188,http://www.bromsgrove-school.co.uk,iSAMS
189,http://www.bromsgrove-school.co.uk,iSAMS
190,http://www.bromsgrove-school.co.uk,iSAMS
191,http://www.bromsgrove-school.co.uk,iSAMS
192,http://www.bromsgrove-school.co.uk,iSAMS
193,http://www.bryanston.co.uk,iSAMS
194,http://www.bryanston.co.uk,iSAMS
195,http://burgesshillgirls.com,iSAMS
196,http://burgesshillgirls.com,iSAMS
197,http://www.caldicott.com,iSAMS
198,http://www.caldicott.com,iSAMS
199,http://www.ctc.ac.uk/,iSAMS
200,http://www.ctc.ac.uk/,iSAMS
201,http://www.cis.edu.sg,iSAMS
202,http://www.cis.edu.sg,iSAMS
203,http://www.canford.com,iSAMS
204,http://www.canford.com,iSAMS
205,http://www.carletonhouse.co.uk,iSAMS
206,http://www.carletonhouse.co.uk,iSAMS
207,http://www.chandlings.org.uk,iSAMS
208,http://www.chandlings.org.uk,iSAMS
209,http://www.chapter-house.org,iSAMS
210,http://www.chapter-house.org,iSAMS
211,http://www.charterhouse.org.uk,iSAMS
212,http://www.charterhouse.org.uk,iSAMS
213,http://www.cheadlehulmeschool.co.uk,iSAMS
214,http://www.cheadlehulmeschool.co.uk,iSAMS
215,http://www.cheltladiescollege.org,iSAMS
216,http://www.cheltladiescollege.org,iSAMS
217,http://www.chigwell-school.org,iSAMS
218,http://www.chigwell-school.org,iSAMS
219,http://www.chigwell-school.org,iSAMS
220,http://www.chigwell-school.org,iSAMS
221,http://www.churcherscollege.com,iSAMS
222,http://www.churcherscollege.com,iSAMS
223,http://www.coletcourt.org.uk,iSAMS
224,http://www.coletcourt.org.uk,iSAMS
225,http://www.beausoleil.ch,iSAMS
226,http://www.beausoleil.ch,iSAMS
227,http://www.nordangliaeducation.com/en/our-schools/champittet/nyon,iSAMS
228,http://www.nordangliaeducation.com/en/our-schools/champittet/nyon,iSAMS
229,http://www.nordangliaeducation.com/en/our-schools/champittet/pully,iSAMS
230,http://www.nordangliaeducation.com/en/our-schools/champittet/pully,iSAMS
231,http://www.cisalkhor.com,iSAMS
232,http://www.cisalkhor.com,iSAMS
233,http://www.cisdoha.com/,iSAMS
234,http://www.cisdoha.com/,iSAMS
235,http://www.cisdoha.com/,iSAMS
236,http://www.cisdoha.com/,iSAMS
237,http://www.cisdoha.com/,iSAMS
238,http://www.cisdoha.com/,iSAMS
239,http://www.craigholme.co.uk,iSAMS
240,http://www.craigholme.co.uk,iSAMS
241,http://www.cranleigh.ae,iSAMS
242,http://www.cranleigh.ae,iSAMS
243,http://www.cranleighprepschool.org,iSAMS
244,http://www.cranleighprepschool.org,iSAMS
245,http://www.cranleigh.org,iSAMS
246,http://www.cranleigh.org,iSAMS
247,http://www.cranmoreprep.co.uk,iSAMS
248,http://www.cranmoreprep.co.uk,iSAMS
249,http://www.culford.co.uk,iSAMS
250,http://www.culford.co.uk,iSAMS
251,http://www.culford.co.uk,iSAMS
252,http://www.culford.co.uk,iSAMS
253,http://www.dameallans.co.uk/,iSAMS
254,http://www.dameallans.co.uk/,iSAMS
255,http://www.daventryutc.com,iSAMS
256,http://www.daventryutc.com,iSAMS
257,http://www.deanclose.co.uk,iSAMS
258,http://www.deanclose.co.uk,iSAMS
259,http://www.deanclose.co.uk,iSAMS
260,http://www.deanclose.co.uk,iSAMS
261,http://www.dbis.edu.hk/,iSAMS
262,http://www.dbis.edu.hk/,iSAMS
263,http://www.dohabritishschool.com/,iSAMS
264,http://www.dohabritishschool.com/,iSAMS
265,http://www.dorcan.co.uk,iSAMS
266,http://www.dorcan.co.uk,iSAMS
267,http://www.dovercollege.org.uk,iSAMS
268,http://www.dovercollege.org.uk,iSAMS
269,http://www.dovercourt.edu.sg/,iSAMS
270,http://www.dovercourt.edu.sg/,iSAMS
271,http://www.dubaibritishschool.ae,iSAMS
272,http://www.dubaibritishschool.ae,iSAMS
273,http://www.descdubai.com,iSAMS
274,http://www.descdubai.com,iSAMS
275,http://www.dessdubai.com,iSAMS
276,http://www.dessdubai.com,iSAMS
277,http://www.dukeofkentschool.org.uk,iSAMS
278,http://www.dukeofkentschool.org.uk,iSAMS
279,http://www.eaglehouseschool.com,iSAMS
280,http://www.eaglehouseschool.com,iSAMS
281,http://www.ecolejeanninemanuel.org.uk/,iSAMS
282,http://www.ecolejeanninemanuel.org.uk/,iSAMS
283,http://www.swiss-international-school.org/,iSAMS
284,http://www.swiss-international-school.org/,iSAMS
285,http://www.edgeborough.co.uk,iSAMS
286,http://www.edgeborough.co.uk,iSAMS
287,http://www.elizcoll.org,iSAMS
288,http://www.elizcoll.org,iSAMS
289,http://www.elizcoll.org,iSAMS
290,http://www.elizcoll.org,iSAMS
291,http://www.elstreeschool.org.uk,iSAMS
292,http://www.elstreeschool.org.uk,iSAMS
293,http://www.emanuel.org.uk,iSAMS
294,http://www.emanuel.org.uk,iSAMS
295,http://www.emskhor.net,iSAMS
296,http://www.emskhor.net,iSAMS
297,http://www.emsdoha.net,iSAMS
298,http://www.emsdoha.net,iSAMS
299,http://www.emswakra.net,iSAMS
300,http://www.emswakra.net,iSAMS
301,http://www.epsomcollege.org.uk,iSAMS
302,http://www.epsomcollege.org.uk,iSAMS
303,http://www.epsomcollege.edu.my,iSAMS
304,http://www.epsomcollege.edu.my,iSAMS
305,http://www.etoncollege.com,iSAMS
306,http://www.etoncollege.com,iSAMS
307,http://www.etonend.org,iSAMS
308,http://www.etonend.org,iSAMS
309,http://www.ewellcastle.co.uk,iSAMS
310,http://www.ewellcastle.co.uk,iSAMS
311,http://www.exeterschool.org.uk,iSAMS
312,http://www.exeterschool.org.uk,iSAMS
313,http://www.farnborough-hill.org.uk,iSAMS
314,http://www.farnborough-hill.org.uk,iSAMS
315,http://feltonfleet.co.uk/,iSAMS
316,http://feltonfleet.co.uk/,iSAMS
317,http://www.hampsteadfinearts.com,iSAMS
318,http://www.hampsteadfinearts.com,iSAMS
319,http://www.framcollege.co.uk,iSAMS
320,http://www.framcollege.co.uk,iSAMS
321,http://www.fhs-sw1.org.uk,iSAMS
322,http://www.fhs-sw1.org.uk,iSAMS
323,http://www.freshstartforkids.co.uk,iSAMS
324,http://www.freshstartforkids.co.uk,iSAMS
325,http://www.fulhamcollegeboys.net/,iSAMS
326,http://www.fulhamcollegeboys.net/,iSAMS
327,http://www.gadshill.org,iSAMS
328,http://www.gadshill.org,iSAMS
329,http://www.gayhurstschool.co.uk,iSAMS
330,http://www.gayhurstschool.co.uk,iSAMS
331,http://www.gemswellingtonacademy-dso.com,iSAMS
332,http://www.gemswellingtonacademy-dso.com,iSAMS
333,http://www.glenalmondcollege.co.uk,iSAMS
334,http://www.glenalmondcollege.co.uk,iSAMS
335,http://www.gordonstoun.org.uk,iSAMS
336,http://www.gordonstoun.org.uk,iSAMS
337,http://www.groveindependentschool.co.uk,iSAMS
338,http://www.groveindependentschool.co.uk,iSAMS
339,http://www.habsgirls.org.uk,iSAMS
340,http://www.habsgirls.org.uk,iSAMS
341,http://www.haileybury.com,iSAMS
342,http://www.haileybury.com,iSAMS
343,http://halcyonschool.com/,iSAMS
344,http://halcyonschool.com/,iSAMS
345,http://www.handcrossparkschool.co.uk,iSAMS
346,http://www.handcrossparkschool.co.uk,iSAMS
347,http://www.hlc.org.uk,iSAMS
348,http://www.hlc.org.uk,iSAMS
349,http://www.harrowschool.org.uk,iSAMS
350,http://www.harrowschool.org.uk,iSAMS
351,http://www.hazlegrove.co.uk,iSAMS
352,http://www.hazlegrove.co.uk,iSAMS
353,http://www.headington.org,iSAMS
354,http://www.headington.org,iSAMS
355,http://www.heathertonhouse.co.uk,iSAMS
356,http://www.heathertonhouse.co.uk,iSAMS
357,http://www.hillhouseschool.co.uk/,iSAMS
358,http://www.hillhouseschool.co.uk/,iSAMS
359,http://www.hillhouseschool.co.uk,iSAMS
360,http://www.hillhouseschool.co.uk,iSAMS
361,http://www.hurstlodge.co.uk,iSAMS
362,http://www.hurstlodge.co.uk,iSAMS
363,http://www.ibstockplaceschool.co.uk,iSAMS
364,http://www.ibstockplaceschool.co.uk,iSAMS
365,http://www.icsmadrid.org,iSAMS
366,http://www.icsmadrid.org,iSAMS
367,http://isp.edu.my,iSAMS
368,http://isp.edu.my,iSAMS
369,http://www.ecolint.ch/,iSAMS
370,http://www.ecolint.ch/,iSAMS
371,http://www.iss.sc,iSAMS
372,http://www.iss.sc,iSAMS
373,http://www.ipswich.suffolk.sch.uk,iSAMS
374,http://www.ipswich.suffolk.sch.uk,iSAMS
375,http://www.ipswich.suffolk.sch.uk,iSAMS
376,http://www.ipswich.suffolk.sch.uk,iSAMS
377,http://www.jbschool.ae,iSAMS
378,http://www.jbschool.ae,iSAMS
379,http://www.jess.sch.ae,iSAMS
380,http://www.jess.sch.ae,iSAMS
381,http://www.junior-kings.co.uk,iSAMS
382,http://www.junior-kings.co.uk,iSAMS
383,http://kentcollege.ae/,iSAMS
384,http://kentcollege.ae/,iSAMS
385,http://www.kes.hants.sch.uk,iSAMS
386,http://www.kes.hants.sch.uk,iSAMS
387,http://www.kesw.surrey.sch.uk,iSAMS
388,http://www.kesw.surrey.sch.uk,iSAMS
389,http://www.kwc.im,iSAMS
390,http://www.kwc.im,iSAMS
391,http://www.kingsschoolely.co.uk,iSAMS
392,http://www.kingsschoolely.co.uk,iSAMS
393,http://www.kcs.cambs.sch.uk,iSAMS
394,http://www.kcs.cambs.sch.uk,iSAMS
395,http://www.kingsely.org,iSAMS
396,http://www.kingsely.org,iSAMS
397,http://www.kingsschoolely.co.uk,iSAMS
398,http://www.kingsschoolely.co.uk,iSAMS
399,http://www.kings-school.co.uk,iSAMS
400,http://www.kings-school.co.uk,iSAMS
401,http://www.kinghamhill.org.uk,iSAMS
402,http://www.kinghamhill.org.uk,iSAMS
403,http://www.kingscolleges.com/our-locations/kings-bournemouth/,iSAMS
404,http://www.kingscolleges.com/our-locations/kings-bournemouth/,iSAMS
405,http://www.kingscolleges.com/our-locations/kings-london/,iSAMS
406,http://www.kingscolleges.com/our-locations/kings-london/,iSAMS
407,http://www.kingscolleges.com/our-locations/kings-oxford/,iSAMS
408,http://www.kingscolleges.com/our-locations/kings-oxford/,iSAMS
409,http://www.kgs.org.uk,iSAMS
410,http://www.kgs.org.uk,iSAMS
411,http://www.kingswood.bath.sch.uk,iSAMS
412,http://www.kingswood.bath.sch.uk,iSAMS
413,http://www.kingswood.bath.sch.uk,iSAMS
414,http://www.kingswood.bath.sch.uk,iSAMS
415,http://www.kirkhamgrammar.co.uk,iSAMS
416,http://www.kirkhamgrammar.co.uk,iSAMS
417,http://www.nordangliaeducation.com/our-schools/aubonne,iSAMS
418,http://www.nordangliaeducation.com/our-schools/aubonne,iSAMS
419,http://www.lambrook.berks.sch.uk,iSAMS
420,http://www.lambrook.berks.sch.uk,iSAMS
421,http://www.latymer-upper.org,iSAMS
422,http://www.latymer-upper.org,iSAMS
423,http://www.leaden-hall.com,iSAMS
424,http://www.leaden-hall.com,iSAMS
425,http://www.lincolnutc.co.uk,iSAMS
426,http://www.lincolnutc.co.uk,iSAMS
427,http://www.lingfieldnotredame.co.uk,iSAMS
428,http://www.lingfieldnotredame.co.uk,iSAMS
429,http://www.littlewindlesham.com,iSAMS
430,http://www.littlewindlesham.com,iSAMS
431,http://www.lockerspark.herts.sch.uk,iSAMS
432,http://www.lockerspark.herts.sch.uk,iSAMS
433,http://www.lomond-school.org,iSAMS
434,http://www.lomond-school.org,iSAMS
435,http://www.lcibs.org/,iSAMS
436,http://www.lcibs.org/,iSAMS
437,http://www.nottinghamhigh.co.uk,iSAMS
438,http://www.nottinghamhigh.co.uk,iSAMS
439,http://www.lyndhurstschool.co.uk,iSAMS
440,http://www.lyndhurstschool.co.uk,iSAMS
441,http://www.mcsoxford.org,iSAMS
442,http://www.mcsoxford.org,iSAMS
443,http://www.marlboroughcollege.org,iSAMS
444,http://www.marlboroughcollege.org,iSAMS
445,http://www.marlboroughcollegemalaysia.org,iSAMS
446,http://www.marlboroughcollegemalaysia.org,iSAMS
447,http://www.meadschool.info,iSAMS
448,http://www.meadschool.info,iSAMS
449,https://www.isams.com/why-isams/clients/,iSAMS
450,https://www.isams.com/why-isams/clients/,iSAMS
451,http://www.mtsn.org.uk,iSAMS
452,http://www.mtsn.org.uk,iSAMS
453,http://www.michaelhall.co.uk,iSAMS
454,http://www.michaelhall.co.uk,iSAMS
455,http://www.millfieldprep.com,iSAMS
456,http://www.millfieldprep.com,iSAMS
457,http://www.millfieldschool.com,iSAMS
458,http://www.millfieldschool.com,iSAMS
459,http://www.monktoncombeschool.com,iSAMS
460,http://www.monktoncombeschool.com,iSAMS
461,http://www.morehouse.org.uk,iSAMS
462,http://www.morehouse.org.uk,iSAMS
463,http://www.moretonhall.org,iSAMS
464,http://www.moretonhall.org,iSAMS
465,http://www.moulsford.com,iSAMS
466,http://www.moulsford.com,iSAMS
467,http://www.kellycollege.com,iSAMS
468,http://www.kellycollege.com,iSAMS
469,http://www.msmcollege.co.uk,iSAMS
470,http://www.msmcollege.co.uk,iSAMS
471,http://www.networkinternationalschool.com/page/default.asp?title=Home&pid=1,iSAMS
472,http://www.networkinternationalschool.com/page/default.asp?title=Home&pid=1,iSAMS
473,http://www.neskt.com/,iSAMS
474,http://www.neskt.com/,iSAMS
475,http://www.newhallschool.co.uk,iSAMS
476,http://www.newhallschool.co.uk,iSAMS
477,http://www.newhallschool.co.uk,iSAMS
478,http://www.newhallschool.co.uk,iSAMS
479,http://www.newcastleschool.co.uk/,iSAMS
480,http://www.newcastleschool.co.uk/,iSAMS
481,http://www.nordangliaeducation.com/our-schools/dubai,iSAMS
482,http://www.nordangliaeducation.com/our-schools/dubai,iSAMS
483,http://www.nordangliaeducation.com/our-schools/hong-kong/,iSAMS
484,http://www.nordangliaeducation.com/our-schools/hong-kong/,iSAMS
485,http://www.northbournepark.com,iSAMS
486,http://www.northbournepark.com,iSAMS
487,http://www.nisc.edu.kh/,iSAMS
488,http://www.nisc.edu.kh/,iSAMS
489,http://www.nscd.ac.uk/,iSAMS
490,http://www.nscd.ac.uk/,iSAMS
491,http://www.norwich-school.org.uk,iSAMS
492,http://www.norwich-school.org.uk,iSAMS
493,http://www.nottinghamhigh.co.uk,iSAMS
494,http://www.nottinghamhigh.co.uk,iSAMS
495,http://www.nottinghamhigh.co.uk,iSAMS
496,http://www.nottinghamhigh.co.uk,iSAMS
497,http://www.ockbrook.derby.sch.uk,iSAMS
498,http://www.ockbrook.derby.sch.uk,iSAMS
499,http://www.oldvicarageschool.com/,iSAMS
500,http://www.oldvicarageschool.com/,iSAMS
501,http://www.oundleschool.org.uk,iSAMS
502,http://www.oundleschool.org.uk,iSAMS
503,http://www.pangbourne.com/,iSAMS
504,http://www.pangbourne.com/,iSAMS
505,http://www.peterhouse.co.zw,iSAMS
506,http://www.peterhouse.co.zw,iSAMS
507,http://www.pinewoodschool.co.uk,iSAMS
508,http://www.pinewoodschool.co.uk,iSAMS
509,http://www.piperscorner.co.uk,iSAMS
510,http://www.piperscorner.co.uk,iSAMS
511,http://www.pocklingtonschool.com,iSAMS
512,http://www.pocklingtonschool.com,iSAMS
513,http://www.polamhall.com,iSAMS
514,http://www.polamhall.com,iSAMS
515,http://www.powiis.edu.my,iSAMS
516,http://www.powiis.edu.my,iSAMS
517,http://www.wcisf.co.uk,iSAMS
518,http://www.wcisf.co.uk,iSAMS
519,http://www.priorsfieldschool.com,iSAMS
520,http://www.priorsfieldschool.com,iSAMS
521,http://www.queenethelburgas.edu,iSAMS
522,http://www.queenethelburgas.edu,iSAMS
523,http://queenmargarets.com,iSAMS
524,http://queenmargarets.com,iSAMS
525,http://www.queensgate.org.uk,iSAMS
526,http://www.queensgate.org.uk,iSAMS
527,http://www.queenswood.org,iSAMS
528,http://www.queenswood.org,iSAMS
529,http://www.radnorhouse.org,iSAMS
530,http://www.radnorhouse.org,iSAMS
531,http://www.rakacademy.org,iSAMS
532,http://www.rakacademy.org,iSAMS
533,http://www.redhouseschool.co.uk,iSAMS
534,http://www.redhouseschool.co.uk,iSAMS
535,http://www.nordangliaeducation.com/our-schools/pattaya,iSAMS
536,http://www.nordangliaeducation.com/our-schools/pattaya,iSAMS
537,http://www.reigategrammar.org,iSAMS
538,http://www.reigategrammar.org,iSAMS
539,http://www.reigatestmarys.org,iSAMS
540,http://www.reigatestmarys.org,iSAMS
541,http://www.roedean.co.uk,iSAMS
542,http://www.roedean.co.uk,iSAMS
543,http://www.rokebyschool.co.uk,iSAMS
544,http://www.rokebyschool.co.uk,iSAMS
545,http://www.rgs-guildford.co.uk,iSAMS
546,http://www.rgs-guildford.co.uk,iSAMS
547,http://www.rgs.newcastle.sch.uk,iSAMS
548,http://www.rgs.newcastle.sch.uk,iSAMS
549,http://www.rgsw.org.uk,iSAMS
550,http://www.rgsw.org.uk,iSAMS
551,http://www.royalhospitalschool.org,iSAMS
552,http://www.royalhospitalschool.org,iSAMS
553,http://www.royalrussell.co.uk,iSAMS
554,http://www.royalrussell.co.uk,iSAMS
555,http://www.royalrussell.co.uk,iSAMS
556,http://www.royalrussell.co.uk,iSAMS
557,http://www.rugbyschool.net,iSAMS
558,http://www.rugbyschool.net,iSAMS
559,http://www.ruperthouse.org/page/default.asp?title=Home&pid=1,iSAMS
560,http://www.ruperthouse.org/page/default.asp?title=Home&pid=1,iSAMS
561,http://www.prep.rydalpenrhos.com,iSAMS
562,http://www.prep.rydalpenrhos.com,iSAMS
563,http://www.rydalpenrhos.com,iSAMS
564,http://www.rydalpenrhos.com,iSAMS
565,http://www.rydeschool.org.uk,iSAMS
566,http://www.rydeschool.org.uk,iSAMS
567,http://www.rydeschool.org.uk,iSAMS
568,http://www.rydeschool.org.uk,iSAMS
569,http://www.ryestantony.co.uk,iSAMS
570,http://www.ryestantony.co.uk,iSAMS
571,http://www.theryleys.com/,iSAMS
572,http://www.theryleys.com/,iSAMS
573,http://www.samworthchurchacademy.co.uk,iSAMS
574,http://www.samworthchurchacademy.co.uk,iSAMS
575,http://www.educoreservices.com/kabitaka.html,iSAMS
576,http://www.educoreservices.com/kabitaka.html,iSAMS
577,http://www.educoreservices.com/kalumbila.html,iSAMS
578,http://www.educoreservices.com/kalumbila.html,iSAMS
579,http://www.sevenoaksschool.org,iSAMS
580,http://www.sevenoaksschool.org,iSAMS
581,http://www.sherborne-ic.net,iSAMS
582,http://www.sherborne-ic.net,iSAMS
583,http://www.sherborneprep.org,iSAMS
584,http://www.sherborneprep.org,iSAMS
585,http://www.sherborneqatar.org,iSAMS
586,http://www.sherborneqatar.org,iSAMS
587,http://www.sherborne.org,iSAMS
588,http://www.sherborne.org,iSAMS
589,http://www.sherborne.com,iSAMS
590,http://www.sherborne.com,iSAMS
591,http://www.shrewsbury.ac.th,iSAMS
592,http://www.shrewsbury.ac.th,iSAMS
593,http://www.shrewsbury.org.uk,iSAMS
594,http://www.shrewsbury.org.uk,iSAMS
595,http://www.solsch.org.uk,iSAMS
596,http://www.solsch.org.uk,iSAMS
597,http://www.southdevonutc.org/,iSAMS
598,http://www.southdevonutc.org/,iSAMS
599,http://www.sis.edu.hk/,iSAMS
600,http://www.sis.edu.hk/,iSAMS
601,http://www.southbank.org,iSAMS
602,http://www.southbank.org,iSAMS
603,http://www.standrews.ac.th,iSAMS
604,http://www.standrews.ac.th,iSAMS
605,http://www.standrewsturi.com,iSAMS
606,http://www.standrewsturi.com,iSAMS
607,http://www.staubyns.com,iSAMS
608,http://www.staubyns.com,iSAMS
609,http://www.stbedesschool.org,iSAMS
610,http://www.stbedesschool.org,iSAMS
611,http://www.stcatherines.gr,iSAMS
612,http://www.stcatherines.gr,iSAMS
613,http://www.scis.sc.tz/,iSAMS
614,http://www.scis.sc.tz/,iSAMS
615,http://www.stedmundscollege.org,iSAMS
616,http://www.stedmundscollege.org,iSAMS
617,http://www.st-francis.herts.sch.uk,iSAMS
618,http://www.st-francis.herts.sch.uk,iSAMS
619,http://www.stgeorges.ch,iSAMS
620,http://www.stgeorges.ch,iSAMS
621,http://www.st-hughs.lincs.sch.uk,iSAMS
622,http://www.st-hughs.lincs.sch.uk,iSAMS
623,http://www.stjohnsleatherhead.co.uk,iSAMS
624,http://www.stjohnsleatherhead.co.uk,iSAMS
625,http://www.st-johns.org.uk,iSAMS
626,http://www.st-johns.org.uk,iSAMS
627,http://www.slcuk.com,iSAMS
628,http://www.slcuk.com,iSAMS
629,http://www.slcuk.com,iSAMS
630,http://www.slcuk.com,iSAMS
631,http://www.stlouisschool.com,iSAMS
632,http://www.stlouisschool.com,iSAMS
633,http://www.stmargaretsprep.org.uk,iSAMS
634,http://www.stmargaretsprep.org.uk,iSAMS
635,http://www.stmaryscalne.org,iSAMS
636,http://www.stmaryscalne.org,iSAMS
637,http://www.stmaryscambridge.co.uk,iSAMS
638,http://www.stmaryscambridge.co.uk,iSAMS
639,http://www.st-marys-shaftesbury.co.uk,iSAMS
640,http://www.st-marys-shaftesbury.co.uk,iSAMS
641,http://www.st-marys-ascot.co.uk,iSAMS
642,http://www.st-marys-ascot.co.uk,iSAMS
643,http://www.stmarysbexhill.org,iSAMS
644,http://www.stmarysbexhill.org,iSAMS
645,http://www.stmarys.org.uk/,iSAMS
646,http://www.stmarys.org.uk/,iSAMS
647,http://www.stpetersyork.org.uk/st_olaves,iSAMS
648,http://www.stpetersyork.org.uk/st_olaves,iSAMS
649,http://www.stpaulsschool.org.uk,iSAMS
650,http://www.stpaulsschool.org.uk,iSAMS
651,http://www.st-peters.york.sch.uk,iSAMS
652,http://www.st-peters.york.sch.uk,iSAMS
653,http://www.stjulians.com,iSAMS
654,http://www.stjulians.com,iSAMS
655,http://www.sais.edu.sg/,iSAMS
656,http://www.sais.edu.sg/,iSAMS
657,http://www.stockportgrammar.co.uk,iSAMS
658,http://www.stockportgrammar.co.uk,iSAMS
659,http://www.stockportgrammar.co.uk,iSAMS
660,http://www.stockportgrammar.co.uk,iSAMS
661,http://www.stockportgrammar.co.uk,iSAMS
662,http://www.stockportgrammar.co.uk,iSAMS
663,http://www.stonehill.in,iSAMS
664,http://www.stonehill.in,iSAMS
665,http://www.strathallan.co.uk,iSAMS
666,http://www.strathallan.co.uk,iSAMS
667,http://www.stroud-kes.org.uk,iSAMS
668,http://www.stroud-kes.org.uk,iSAMS
669,http://www.sunningdaleschool.co.uk,iSAMS
670,http://www.sunningdaleschool.co.uk,iSAMS
671,http://www.svs.org.uk,iSAMS
672,http://www.svs.org.uk,iSAMS
673,http://www.swansschoolinternational.es/en/,iSAMS
674,http://www.swansschoolinternational.es/en/,iSAMS
675,http://www.talbotheath.org.uk,iSAMS
676,http://www.talbotheath.org.uk,iSAMS
677,http://www.tts.edu.sg,iSAMS
678,http://www.tts.edu.sg,iSAMS
679,http://www.theabbey.co.uk,iSAMS
680,http://www.theabbey.co.uk,iSAMS
681,http://www.theabbey.co.uk,iSAMS
682,http://www.theabbey.co.uk,iSAMS
683,http://www.theacademyschool.com/,iSAMS
684,http://www.theacademyschool.com/,iSAMS
685,http://www.abaoman.org/,iSAMS
686,http://www.abaoman.org/,iSAMS
687,http://www.bandaschool.com,iSAMS
688,http://www.bandaschool.com,iSAMS
689,http://www.nordangliaeducation.com/our-schools/abu-dhabi/,iSAMS
690,http://www.nordangliaeducation.com/our-schools/abu-dhabi/,iSAMS
691,http://www.nordangliaeducation.com/our-schools/bratislava,iSAMS
692,http://www.nordangliaeducation.com/our-schools/bratislava,iSAMS
693,http://www.nordangliaeducation.com/our-schools/budapest,iSAMS
694,http://www.nordangliaeducation.com/our-schools/budapest,iSAMS
695,http://www.nordangliaeducation.com/our-schools/shanghai/pudong,iSAMS
696,http://www.nordangliaeducation.com/our-schools/shanghai/pudong,iSAMS
697,http://www.nordangliaeducation.com/our-schools/shanghai/puxi,iSAMS
698,http://www.nordangliaeducation.com/our-schools/shanghai/puxi,iSAMS
699,http://www.bst.ac.jp,iSAMS
700,http://www.bst.ac.jp,iSAMS
701,http://www.nordangliaeducation.com/our-schools/beijing/sanlitun,iSAMS
702,http://www.nordangliaeducation.com/our-schools/beijing/sanlitun,iSAMS
703,http://www.nordangliaeducation.com/our-schools/beijing/shunyi,iSAMS
704,http://www.nordangliaeducation.com/our-schools/beijing/shunyi,iSAMS
705,http://www.nordangliaeducation.com/our-schools/guangzhou,iSAMS
706,http://www.nordangliaeducation.com/our-schools/guangzhou,iSAMS
707,http://www.nordangliaeducation.com/our-schools/warsaw,iSAMS
708,http://www.nordangliaeducation.com/our-schools/warsaw,iSAMS
709,http://www.cathedral-school.co.uk,iSAMS
710,http://www.cathedral-school.co.uk,iSAMS
711,http://www.englishcollege.cz/,iSAMS
712,http://www.englishcollege.cz/,iSAMS
713,http://www.englishedmoscow.com,iSAMS
714,http://www.englishedmoscow.com,iSAMS
715,http://www.nordangliaeducation.com/our-schools/prague,iSAMS
716,http://www.nordangliaeducation.com/our-schools/prague,iSAMS
717,http://www.tes.edu.kw,iSAMS
718,http://www.tes.edu.kw,iSAMS
719,http://www.godolphinandlatymer.com,iSAMS
720,http://www.godolphinandlatymer.com,iSAMS
721,http://www.habsboys.org.uk,iSAMS
722,http://www.habsboys.org.uk,iSAMS
723,http://www.habsboys.org.uk,iSAMS
724,http://www.habsboys.org.uk,iSAMS
725,http://www.hallschool.co.uk,iSAMS
726,http://www.hallschool.co.uk,iSAMS
727,https://sites.google.com/site/theheritageschoolzw/home,iSAMS
728,https://sites.google.com/site/theheritageschoolzw/home,iSAMS
729,http://www.johnlyon.org,iSAMS
730,http://www.johnlyon.org,iSAMS
731,http://www.thejohnwallisacademy.org,iSAMS
732,http://www.thejohnwallisacademy.org,iSAMS
733,http://www.thejohnwallisacademy.org,iSAMS
734,http://www.thejohnwallisacademy.org,iSAMS
735,http://www.kingsmac.cheshire.sch.uk,iSAMS
736,http://www.kingsmac.cheshire.sch.uk,iSAMS
737,http://www.thelaurelsschool.org.uk/,iSAMS
738,http://www.thelaurelsschool.org.uk/,iSAMS
739,http://www.theleighutc.org.uk/,iSAMS
740,http://www.theleighutc.org.uk/,iSAMS
741,http://www.theleys.net,iSAMS
742,http://www.theleys.net,iSAMS
743,http://www.royalmasonic.herts.sch.uk,iSAMS
744,http://www.royalmasonic.herts.sch.uk,iSAMS
745,http://www.samworthenterpriseacademy.org,iSAMS
746,http://www.samworthenterpriseacademy.org,iSAMS
747,http://www.shsk.org.uk,iSAMS
748,http://www.shsk.org.uk,iSAMS
749,http://www.theshrubberyschool.co.uk,iSAMS
750,http://www.theshrubberyschool.co.uk,iSAMS
751,http://www.thewellingtonacademy.org.uk,iSAMS
752,http://www.thewellingtonacademy.org.uk,iSAMS
753,http://www.wensleydale.n-yorks.sch.uk,iSAMS
754,http://www.wensleydale.n-yorks.sch.uk,iSAMS
755,http://www.tormeadschool.org.uk,iSAMS
756,http://www.tormeadschool.org.uk,iSAMS
757,http://www.towercollege.com,iSAMS
758,http://www.towercollege.com,iSAMS
759,http://www.townclose.com,iSAMS
760,http://www.townclose.com,iSAMS
761,http://www.educoreservices.com/trident.html,iSAMS
762,http://www.educoreservices.com/trident.html,iSAMS
763,http://www.educoreservices.com/trident-prep-kalumbila.html,iSAMS
764,http://www.educoreservices.com/trident-prep-kalumbila.html,iSAMS
765,http://www.educoreservices.com/trident-prep-solwezi.html,iSAMS
766,http://www.educoreservices.com/trident-prep-solwezi.html,iSAMS
767,http://www.tringpark.com,iSAMS
768,http://www.tringpark.com,iSAMS
769,http://www.redditch.tgacademy.org.uk,iSAMS
770,http://www.redditch.tgacademy.org.uk,iSAMS
771,http://www.solihull.tgacademy.org.uk/,iSAMS
772,http://www.solihull.tgacademy.org.uk/,iSAMS
773,http://www.tgaw.org.ukhttp://www.worcs.tgacademy.org.uk/,iSAMS
774,http://www.tgaw.org.ukhttp://www.worcs.tgacademy.org.uk/,iSAMS
775,http://www.haselor.tgacademy.org.uk,iSAMS
776,http://www.haselor.tgacademy.org.uk,iSAMS
777,http://www.stjames.tgacademy.org.uk,iSAMS
778,http://www.stjames.tgacademy.org.uk,iSAMS
779,http://www.tudorhallschool.com,iSAMS
780,http://www.tudorhallschool.com,iSAMS
781,http://www.twyfordschool.com,iSAMS
782,http://www.twyfordschool.com,iSAMS
783,http://www.ueasouthbank.org.uk/,iSAMS
784,http://www.ueasouthbank.org.uk/,iSAMS
785,http://www.greenwichutc.com,iSAMS
786,http://www.greenwichutc.com,iSAMS
787,http://www.utcplymouth.org,iSAMS
788,http://www.utcplymouth.org,iSAMS
789,http://www.valenceschool.com,iSAMS
790,http://www.valenceschool.com,iSAMS
791,http://www.warminsterschool.org.uk,iSAMS
792,http://www.warminsterschool.org.uk,iSAMS
793,http://www.warminsterschool.org.uk,iSAMS
794,http://www.warminsterschool.org.uk,iSAMS
795,http://www.warwickschool.org/,iSAMS
796,http://www.warwickschool.org/,iSAMS
797,http://www.warwickprep.com,iSAMS
798,http://www.warwickprep.com,iSAMS
799,http://www.warwickschool.org,iSAMS
800,http://www.warwickschool.org,iSAMS
801,http://www.wellingtoncollege.org.uk,iSAMS
802,http://www.wellingtoncollege.org.uk,iSAMS
803,http://www.wellington-shanghai.cn,iSAMS
804,http://www.wellington-shanghai.cn,iSAMS
805,http://www.wellington-tianjin.cn,iSAMS
806,http://www.wellington-tianjin.cn,iSAMS
807,http://www.wellington-school.org.uk,iSAMS
808,http://www.wellington-school.org.uk,iSAMS
809,http://www.wells-cathedral-school.com,iSAMS
810,http://www.wells-cathedral-school.com,iSAMS
811,http://www.wellscathedralschool.org,iSAMS
812,http://www.wellscathedralschool.org,iSAMS
813,http://www.westbuckland.devon.sch.uk,iSAMS
814,http://www.westbuckland.devon.sch.uk,iSAMS
815,http://www.westonbirt.gloucs.sch.uk,iSAMS
816,http://www.westonbirt.gloucs.sch.uk,iSAMS
817,http://www.willingtonschool.co.uk,iSAMS
818,http://www.willingtonschool.co.uk,iSAMS
819,http://www.wis.edu.na,iSAMS
820,http://www.wis.edu.na,iSAMS
821,http://www.windlesham.com,iSAMS
822,http://www.windlesham.com,iSAMS
823,http://www.wgs.org.uk,iSAMS
824,http://www.wgs.org.uk,iSAMS
825,http://www.woodbridge.suffolk.sch.uk,iSAMS
826,http://www.woodbridge.suffolk.sch.uk,iSAMS
827,http://www.woodhousegrove.co.uk,iSAMS
828,http://www.woodhousegrove.co.uk,iSAMS
829,http://www.wclacademy.org+ Add New Client Category,iSAMS
830,http://www.wclacademy.org+ Add New Client Category,iSAMS
831,http://www.worthschool.co.uk,iSAMS
832,http://www.worthschool.co.uk,iSAMS
833,http://www.wycliffe.co.uk,iSAMS
834,http://www.wycliffe.co.uk,iSAMS
835,http://www.wycliffe.co.uk,iSAMS
836,http://www.wycliffe.co.uk,iSAMS
837,http://www.wycombeabbey.com,iSAMS
838,http://www.wycombeabbey.com,iSAMS
839,http://twitter.com/search?q=%23NewRelease,iSAMS
840,https://t.co/o6I2NDddan,iSAMS
841,https://t.co/CPONaenWxv,iSAMS
842,http://twitter.com/search?q=%23iSAMSDevs,iSAMS
843,https://www.isams.com/news-stories/,iSAMS
844,https://www.isams.com/our-teams-are-growing/,iSAMS
845,https://www.isams.com/our-teams-are-growing/,iSAMS
846,https://www.isams.com/our-training-and-development-teams-are-expanding/,iSAMS
847,https://www.isams.com/our-training-and-development-teams-are-expanding/,iSAMS
848,https://www.isams.com/blog/,iSAMS
849,https://www.isams.com/iparent-istudent-apps-communicate-without-barriers/,iSAMS
850,https://www.isams.com/iparent-istudent-apps-communicate-without-barriers/,iSAMS
851,https://www.isams.com/introducing-new-isams-marketplace/,iSAMS
852,https://www.isams.com/introducing-new-isams-marketplace/,iSAMS
853,https://go.isams.co.uk/?id=twitter,iSAMS
854,https://go.isams.co.uk/?id=facebook,iSAMS
855,https://go.isams.co.uk/?id=rss,iSAMS
856,https://go.isams.com/?id=website_terms,iSAMS
857,https://go.isams.com/?id=website_privacy,iSAMS
858,https://go.isams.com/?id=website_sitemap,iSAMS
859,https://go.isams.com?id=twk,iSAMS
860,https://go.isams.com?id=website_contactus,iSAMS
